month,year,temp,dew,humidity,precip,windspeed,conditions
Aug,2020,26.9,11.7,42.3,0.0,18.1,Partially cloudy
Aug,2020,26.6,13.2,46.6,0.016,33.2,"Rain, Partially cloudy"
Aug,2020,24.6,16.5,64.1,9.044,22.2,"Rain, Partially cloudy"
Aug,2020,27.5,15.5,51.4,0.0,29.5,Partially cloudy
Aug,2020,26.9,15.5,51.3,0.0,29.3,Partially cloudy
Aug,2020,29.7,14.0,42.1,0.0,40.3,Partially cloudy
Aug,2020,30.4,14.2,39.0,0.0,35.0,Partially cloudy
Aug,2020,29.6,14.3,41.3,0.0,37.1,Partially cloudy
Aug,2020,30.1,14.3,40.2,0.0,34.9,Partially cloudy
Aug,2020,30.4,14.6,39.9,0.0,33.2,Partially cloudy
Aug,2020,30.4,13.7,38.4,1.831,40.3,"Rain, Partially cloudy"
Aug,2020,31.8,12.4,32.7,0.0,36.7,Partially cloudy
Aug,2020,32.7,11.5,29.7,0.0,24.2,Partially cloudy
Aug,2020,32.6,10.4,27.4,0.0,47.5,Partially cloudy
Aug,2020,30.8,13.0,36.2,0.0,29.5,Partially cloudy
Aug,2020,27.9,13.1,42.8,0.016,40.5,"Rain, Partially cloudy"
Aug,2020,25.3,12.2,45.7,0.0,25.8,Partially cloudy
Aug,2020,26.3,11.4,42.8,0.0,16.5,Partially cloudy
Aug,2020,27.4,11.5,39.3,0.0,27.6,Partially cloudy
Aug,2020,26.7,10.8,39.0,0.013,38.6,"Rain, Partially cloudy"
Aug,2020,26.2,12.0,43.5,0.0,25.9,Partially cloudy
Aug,2020,27.0,13.6,45.3,0.0,24.0,Clear
Aug,2020,27.4,13.7,45.9,0.0,23.9,Clear
Aug,2020,26.2,10.4,39.2,0.0,25.8,Partially cloudy
Aug,2020,26.0,10.2,39.6,0.0,16.6,Clear
Aug,2020,26.6,9.7,37.7,0.0,20.5,Clear
Aug,2020,28.4,11.8,39.6,0.0,25.8,Clear
Aug,2020,32.0,10.1,28.3,0.0,31.6,Clear
Aug,2020,29.4,13.8,40.0,0.5,29.4,"Rain, Partially cloudy"
Aug,2020,26.8,16.5,61.1,3.79,33.4,"Rain, Partially cloudy"
Aug,2020,26.9,15.0,48.6,0.0,26.0,Partially cloudy
Sep,2020,27.3,16.8,56.9,0.59,33.5,"Rain, Partially cloudy"
Sep,2020,22.9,17.1,72.1,19.853,32.9,"Rain, Partially cloudy"
Sep,2020,25.3,16.1,62.3,0.0,18.5,Clear
Sep,2020,24.7,16.3,63.1,0.0,24.0,Clear
Sep,2020,24.2,16.5,65.3,0.0,22.3,Partially cloudy
Sep,2020,26.6,14.9,52.5,0.0,27.7,Clear
Sep,2020,27.2,13.4,44.7,0.0,27.7,Partially cloudy
Sep,2020,19.2,13.3,69.5,0.0,50.0,Partially cloudy
Sep,2020,6.5,4.6,88.3,5.06,40.6,"Rain, Overcast"
Sep,2020,9.4,6.3,81.5,0.295,29.3,"Rain, Partially cloudy"
Sep,2020,17.0,10.2,65.4,0.0,20.4,Partially cloudy
Sep,2020,20.8,13.6,66.4,0.0,20.3,Partially cloudy
Sep,2020,22.1,14.5,66.3,0.0,18.3,Partially cloudy
Sep,2020,20.6,14.0,68.0,0.0,14.8,Partially cloudy
Sep,2020,21.6,12.1,57.1,0.0,14.7,Partially cloudy
Sep,2020,23.3,11.9,53.1,0.0,25.8,Partially cloudy
Sep,2020,21.9,12.7,60.3,0.0,27.4,Partially cloudy
Sep,2020,20.2,10.8,58.1,0.0,20.5,Partially cloudy
Sep,2020,18.3,9.6,59.1,0.0,25.7,Partially cloudy
Sep,2020,18.9,9.7,59.3,0.0,24.0,Clear
Sep,2020,18.2,7.6,54.4,0.0,18.2,Clear
Sep,2020,19.2,9.6,60.5,0.0,18.3,Clear
Sep,2020,21.7,13.8,64.5,0.0,25.7,Partially cloudy
Sep,2020,22.8,8.4,50.8,0.0,24.1,Clear
Sep,2020,26.2,6.1,32.7,0.0,29.4,Clear
Sep,2020,26.9,10.7,42.6,0.0,31.6,Clear
Sep,2020,24.0,8.3,39.3,0.0,53.5,Partially cloudy
Sep,2020,15.5,-1.8,32.3,0.0,55.0,Partially cloudy
Sep,2020,16.0,-4.1,29.0,0.0,26.0,Clear
Sep,2020,21.1,-2.0,24.2,0.0,18.3,Clear
Oct,2020,18.3,1.5,35.4,0.0,35.2,Clear
Oct,2020,18.3,2.7,37.3,0.0,31.7,Partially cloudy
Oct,2020,19.6,6.5,44.7,0.0,37.0,Partially cloudy
Oct,2020,17.1,2.9,40.9,0.0,22.3,Partially cloudy
Oct,2020,20.8,6.0,42.3,0.0,29.5,Clear
Oct,2020,21.7,6.7,41.8,0.0,22.3,Clear
Oct,2020,22.6,3.6,35.6,0.0,22.3,Clear
Oct,2020,22.6,6.3,36.6,0.0,33.3,Clear
Oct,2020,22.4,6.4,38.9,0.0,25.9,Clear
Oct,2020,24.7,-0.4,24.2,0.0,20.5,Clear
Oct,2020,24.1,-3.4,18.7,0.0,48.1,Clear
Oct,2020,18.3,-5.1,21.5,0.0,33.5,Clear
Oct,2020,21.6,-2.8,21.6,0.0,27.7,Clear
Oct,2020,25.1,-0.7,28.5,0.0,53.3,Clear
Oct,2020,15.8,-2.2,30.7,0.0,38.7,Clear
Oct,2020,12.0,-4.2,35.8,0.0,31.6,Clear
Oct,2020,20.6,-2.0,26.3,0.0,38.8,Clear
Oct,2020,14.4,3.7,49.9,0.0,29.5,Partially cloudy
Oct,2020,11.0,6.3,74.7,0.0,22.2,Partially cloudy
Oct,2020,16.7,10.7,72.9,0.295,31.6,"Rain, Partially cloudy"
Oct,2020,21.4,14.4,67.6,0.0,38.8,Partially cloudy
Oct,2020,23.1,13.0,56.7,0.0,35.1,Partially cloudy
Oct,2020,9.0,1.4,59.8,0.0,49.8,Partially cloudy
Oct,2020,10.2,-0.3,51.8,0.0,31.7,Partially cloudy
Oct,2020,9.5,3.7,68.7,0.0,37.0,Partially cloudy
Oct,2020,-2.6,-4.0,90.4,1.115,38.5,"Snow, Rain, Overcast"
Oct,2020,-3.4,-4.9,89.3,11.649,33.2,"Snow, Rain, Overcast"
Oct,2020,0.7,-0.7,91.2,6.324,44.3,"Snow, Rain, Overcast"
Oct,2020,7.6,1.3,67.1,0.0,50.0,Partially cloudy
Oct,2020,10.5,2.8,61.6,0.0,24.0,Partially cloudy
Oct,2020,15.0,3.3,50.2,0.0,29.5,Partially cloudy
Nov,2020,11.9,1.5,53.0,0.0,20.5,Partially cloudy
Nov,2020,13.4,2.3,50.4,0.0,27.7,Partially cloudy
Nov,2020,15.7,2.7,44.1,0.0,33.4,Partially cloudy
Nov,2020,18.2,3.1,41.3,0.0,29.4,Partially cloudy
Nov,2020,17.3,0.2,37.4,0.0,27.6,Clear
Nov,2020,14.9,2.2,46.6,0.0,18.3,Partially cloudy
Nov,2020,16.3,9.1,64.6,0.0,40.6,Clear
Nov,2020,18.5,10.4,62.5,0.0,44.4,Partially cloudy
Nov,2020,19.8,9.4,56.9,0.016,38.7,"Rain, Partially cloudy"
Nov,2020,10.9,-8.8,27.0,0.0,40.6,Clear
Nov,2020,10.1,-8.3,29.1,0.0,22.3,Clear
Nov,2020,12.6,-4.5,34.0,0.0,33.2,Partially cloudy
Nov,2020,7.9,-0.1,57.3,0.0,25.9,Partially cloudy
Nov,2020,16.8,0.6,41.7,0.0,48.2,Partially cloudy
Nov,2020,8.8,-9.3,30.0,0.0,29.6,Clear
Nov,2020,12.4,-7.9,24.9,0.0,23.9,Clear
Nov,2020,12.4,-2.5,37.3,0.0,37.0,Partially cloudy
Nov,2020,16.1,3.3,44.2,0.0,37.0,Partially cloudy
Nov,2020,18.7,7.6,53.2,0.0,35.3,Clear
Nov,2020,15.0,4.9,54.6,0.0,33.3,Clear
Nov,2020,13.4,8.2,71.6,0.0,27.5,Partially cloudy
Nov,2020,9.6,6.6,81.8,0.0,31.5,Overcast
Nov,2020,8.8,7.4,91.1,0.885,31.6,"Rain, Overcast"
Nov,2020,13.9,4.9,61.3,0.0,49.9,Partially cloudy
Nov,2020,8.0,-3.6,48.5,0.0,29.5,Clear
Nov,2020,11.4,-5.2,36.2,0.0,42.2,Partially cloudy
Nov,2020,7.7,-1.7,51.7,0.0,37.0,Partially cloudy
Nov,2020,3.9,0.9,81.4,1.637,22.2,"Rain, Partially cloudy"
Nov,2020,4.5,-0.5,70.9,0.0,42.5,Partially cloudy
Nov,2020,2.7,-8.3,50.5,0.0,27.7,Clear
Dec,2020,7.9,-9.7,29.3,0.0,36.9,Clear
Dec,2020,1.9,-5.5,58.7,0.0,46.3,Partially cloudy
Dec,2020,0.9,-5.4,63.7,0.0,37.0,Partially cloudy
Dec,2020,2.4,-10.3,47.2,0.0,18.2,Clear
Dec,2020,4.5,-5.9,48.2,0.0,22.4,Partially cloudy
Dec,2020,6.9,-5.4,45.5,0.0,20.5,Partially cloudy
Dec,2020,7.0,-7.5,41.1,0.0,16.6,Clear
Dec,2020,8.3,-8.6,35.3,0.0,14.7,Clear
Dec,2020,9.7,-10.8,27.7,0.0,20.5,Clear
Dec,2020,10.8,-5.5,36.3,0.792,38.6,"Rain, Partially cloudy"
Dec,2020,7.0,0.3,64.8,0.0,22.2,Partially cloudy
Dec,2020,3.1,-2.7,68.3,0.0,38.7,Partially cloudy
Dec,2020,0.7,-3.0,76.7,0.015,42.4,"Snow, Rain, Partially cloudy"
Dec,2020,0.5,-7.6,59.1,0.0,38.9,Partially cloudy
Dec,2020,0.1,-7.0,59.6,0.0,55.2,Partially cloudy
Dec,2020,0.2,-9.9,52.3,0.0,24.0,Clear
Dec,2020,4.0,-9.7,42.9,0.0,36.8,Partially cloudy
Dec,2020,7.3,-3.2,47.9,0.0,40.3,Partially cloudy
Dec,2020,4.7,-3.8,59.4,0.0,27.5,Clear
Dec,2020,5.6,-8.0,40.4,0.0,25.8,Clear
Dec,2020,7.5,-9.1,32.6,0.0,27.6,Partially cloudy
Dec,2020,9.3,-9.2,31.6,0.0,42.2,Partially cloudy
Dec,2020,4.6,-12.1,29.8,0.0,49.9,Partially cloudy
Dec,2020,1.0,-16.9,30.7,0.0,35.3,Clear
Dec,2020,5.8,-15.8,20.9,0.0,25.9,Partially cloudy
Dec,2020,7.5,-17.4,17.0,0.0,42.4,Clear
Dec,2020,11.2,-8.7,24.8,0.0,31.5,Partially cloudy
Dec,2020,6.1,-1.9,57.0,0.0,38.6,Partially cloudy
Dec,2020,10.6,5.7,75.1,0.0,38.8,Partially cloudy
Dec,2020,2.5,-4.4,62.3,1.082,46.1,"Snow, Rain, Overcast"
Dec,2020,0.4,-10.0,48.6,0.0,29.4,Overcast
Jan,2021,3.6,-12.6,31.0,0.0,33.4,Partially cloudy
Jan,2021,6.0,-12.5,28.7,0.0,35.3,Partially cloudy
Jan,2021,6.7,-10.6,30.1,0.0,25.8,Partially cloudy
Jan,2021,8.4,-7.8,32.5,0.0,38.8,Clear
Jan,2021,7.1,-4.1,47.3,0.0,31.7,Partially cloudy
Jan,2021,6.1,-5.9,45.7,0.0,48.1,Partially cloudy
Jan,2021,1.9,-10.6,42.0,0.0,18.3,Clear
Jan,2021,-0.6,-3.6,81.7,0.0,16.5,Partially cloudy
Jan,2021,-2.3,-3.8,90.1,1.377,29.3,"Snow, Rain, Overcast"
Jan,2021,-1.8,-3.1,90.9,15.802,29.4,"Snow, Rain, Overcast"
Jan,2021,-1.9,-4.8,80.6,0.0,20.3,Partially cloudy
Jan,2021,-3.9,-6.4,83.0,0.0,20.3,Clear
Jan,2021,1.5,-3.6,70.6,0.0,27.7,Partially cloudy
Jan,2021,5.0,-4.4,53.3,0.0,50.1,Partially cloudy
Jan,2021,1.7,-9.0,49.4,0.0,42.5,Clear
Jan,2021,1.8,-6.6,57.6,0.0,18.2,Partially cloudy
Jan,2021,2.8,-5.0,59.8,0.0,20.5,Partially cloudy
Jan,2021,6.7,-3.3,51.1,0.0,37.0,Partially cloudy
Jan,2021,5.0,-4.8,49.6,0.0,35.1,Overcast
Jan,2021,7.1,-1.7,54.1,0.0,31.6,Overcast
Jan,2021,12.1,1.3,49.4,0.0,31.6,Partially cloudy
Jan,2021,4.5,1.3,80.9,0.0,20.4,Partially cloudy
Jan,2021,7.4,4.8,85.3,0.0,33.4,Partially cloudy
Jan,2021,7.7,6.6,92.7,7.383,25.8,"Rain, Overcast"
Jan,2021,6.5,-0.8,63.5,0.984,48.1,Rain
Jan,2021,2.4,-2.8,70.8,0.0,31.6,Partially cloudy
Jan,2021,2.1,-4.7,62.8,0.0,27.6,Partially cloudy
Jan,2021,3.4,-2.9,66.8,0.0,31.6,Partially cloudy
Jan,2021,7.4,-0.4,59.5,0.0,31.5,Partially cloudy
Jan,2021,10.8,-1.2,48.8,0.004,72.2,"Rain, Partially cloudy"
Jan,2021,6.5,-2.9,54.6,0.0,33.5,Clear
Feb,2021,6.7,-4.6,49.6,0.0,24.0,Partially cloudy
Feb,2021,12.8,-3.9,33.1,0.0,24.1,Partially cloudy
Feb,2021,14.9,0.9,41.9,0.0,39.0,Partially cloudy
Feb,2021,9.1,-3.5,42.4,0.0,42.4,Partially cloudy
Feb,2021,6.5,-7.6,40.0,0.0,24.1,Clear
Feb,2021,7.5,-10.0,31.1,0.0,46.4,Clear
Feb,2021,9.1,-7.3,45.3,0.0,27.4,Clear
Feb,2021,5.6,-3.2,56.9,0.0,29.4,Partially cloudy
Feb,2021,-0.8,-4.5,78.5,0.0,27.6,Partially cloudy
Feb,2021,-3.8,-4.9,92.6,0.0,27.5,Overcast
Feb,2021,-4.7,-7.3,82.7,0.0,22.2,Partially cloudy
Feb,2021,-8.0,-10.7,80.9,0.295,33.3,"Snow, Overcast"
Feb,2021,-8.8,-13.0,71.7,0.0,33.2,Overcast
Feb,2021,-14.1,-17.5,75.2,2.361,38.7,"Snow, Overcast"
Feb,2021,-14.9,-19.3,69.3,0.0,22.3,Partially cloudy
Feb,2021,-11.1,-13.5,82.5,3.682,29.4,"Snow, Overcast"
Feb,2021,-10.2,-12.4,84.4,0.0,18.3,Partially cloudy
Feb,2021,-9.8,-12.8,79.0,0.295,24.0,"Snow, Partially cloudy"
Feb,2021,-1.0,-7.1,66.8,0.0,33.4,Clear
Feb,2021,7.5,-1.2,59.0,0.0,38.8,Clear
Feb,2021,7.9,-2.3,51.8,0.0,51.5,Clear
Feb,2021,8.3,-8.0,38.5,0.0,44.4,Clear
Feb,2021,11.8,-8.3,33.4,0.0,44.5,Clear
Feb,2021,9.3,-5.8,35.6,0.0,35.3,Clear
Feb,2021,4.1,-7.5,44.8,0.0,31.6,Partially cloudy
Feb,2021,8.0,-5.9,42.5,0.0,36.9,Partially cloudy
Feb,2021,12.1,-11.2,26.6,0.0,40.5,Partially cloudy
Feb,2021,9.1,-12.0,22.7,0.0,36.9,Partially cloudy
Mar,2021,5.6,-11.7,29.7,0.0,35.2,Partially cloudy
Mar,2021,5.8,-9.2,42.6,0.022,25.9,"Snow, Rain"
Mar,2021,11.4,-12.0,23.4,0.0,27.6,Clear
Mar,2021,16.2,-5.4,25.6,0.0,60.9,Partially cloudy
Mar,2021,9.5,0.9,56.4,0.0,49.9,Partially cloudy
Mar,2021,7.8,-1.4,58.0,0.0,24.1,Clear
Mar,2021,10.4,1.2,54.9,0.0,40.6,Partially cloudy
Mar,2021,14.0,4.9,56.5,0.0,42.3,Partially cloudy
Mar,2021,16.2,8.6,63.1,0.0,49.7,Partially cloudy
Mar,2021,18.7,2.3,46.9,0.0,51.6,Clear
Mar,2021,14.7,4.0,58.3,0.0,33.4,Partially cloudy
Mar,2021,17.2,12.2,73.7,29.872,33.1,"Rain, Overcast"
Mar,2021,16.8,10.0,69.9,0.267,46.3,"Rain, Partially cloudy"
Mar,2021,10.3,-4.6,37.6,0.0,57.4,Partially cloudy
Mar,2021,12.2,-2.1,40.6,0.0,31.5,Partially cloudy
Mar,2021,18.5,-6.2,21.1,0.0,46.4,Partially cloudy
Mar,2021,7.5,-3.6,47.7,0.0,68.3,Partially cloudy
Mar,2021,7.5,-4.0,48.8,0.0,29.5,Partially cloudy
Mar,2021,7.7,-1.4,56.4,0.0,16.5,Clear
Mar,2021,11.6,-0.6,47.6,0.0,40.5,Clear
Mar,2021,15.8,0.5,38.3,0.0,36.8,Partially cloudy
Mar,2021,12.2,6.4,68.6,27.779,40.5,"Rain, Partially cloudy"
Mar,2021,9.0,2.2,65.7,0.0,27.7,Partially cloudy
Mar,2021,6.8,1.4,68.8,0.0,44.4,Partially cloudy
Mar,2021,8.8,-1.4,55.6,0.0,38.9,Partially cloudy
Mar,2021,16.0,-4.3,27.8,0.0,40.5,Partially cloudy
Mar,2021,13.9,-1.0,37.1,0.0,31.6,Partially cloudy
Mar,2021,12.3,-2.4,41.8,0.0,25.9,Clear
Mar,2021,18.6,-4.4,22.4,0.0,46.3,Partially cloudy
Mar,2021,14.4,-1.6,34.6,0.0,40.4,Partially cloudy
Mar,2021,9.3,-7.3,32.1,0.0,31.5,Partially cloudy
Apr,2021,10.8,-7.5,29.9,0.0,31.6,Partially cloudy
Apr,2021,13.2,-2.1,35.3,0.0,40.6,Partially cloudy
Apr,2021,14.8,5.6,56.0,0.0,25.8,Partially cloudy
Apr,2021,17.1,9.7,63.7,0.0,35.0,Partially cloudy
Apr,2021,19.2,10.1,59.8,0.0,44.4,Partially cloudy
Apr,2021,22.6,1.4,38.4,0.0,40.6,Partially cloudy
Apr,2021,15.3,-3.4,32.0,0.0,35.4,Clear
Apr,2021,16.7,-2.4,31.7,0.0,27.6,Partially cloudy
Apr,2021,19.0,-3.5,24.1,0.0,51.6,Partially cloudy
Apr,2021,12.5,-4.8,35.0,0.0,22.2,Clear
Apr,2021,19.3,-7.0,20.3,0.0,29.2,Partially cloudy
Apr,2021,13.8,-3.4,31.8,0.0,48.1,Partially cloudy
Apr,2021,11.6,-3.6,37.1,0.0,33.2,Partially cloudy
Apr,2021,9.0,5.1,77.2,0.295,27.6,"Rain, Overcast"
Apr,2021,8.3,7.4,94.2,2.274,27.6,"Rain, Overcast"
Apr,2021,9.9,5.7,77.4,1.48,35.2,"Rain, Overcast"
Apr,2021,7.5,-1.0,56.5,0.0,25.9,Overcast
Apr,2021,10.4,-3.7,43.7,0.0,20.4,Partially cloudy
Apr,2021,13.2,-2.2,38.4,0.0,33.3,Partially cloudy
Apr,2021,7.3,-3.8,47.9,0.0,44.5,Partially cloudy
Apr,2021,6.6,-6.6,41.5,0.0,36.8,Partially cloudy
Apr,2021,10.4,0.3,50.5,0.0,35.1,Overcast
Apr,2021,19.0,2.8,47.5,0.0,42.2,Partially cloudy
Apr,2021,16.2,0.1,40.1,0.0,36.7,Clear
Apr,2021,21.6,0.2,32.9,0.0,42.3,Partially cloudy
Apr,2021,24.6,-1.3,23.4,0.0,46.3,Overcast
Apr,2021,24.1,5.5,37.5,0.0,29.4,Partially cloudy
Apr,2021,18.6,8.0,54.6,0.0,38.8,Partially cloudy
Apr,2021,16.1,6.3,53.9,0.984,38.8,"Rain, Overcast"
Apr,2021,17.3,4.4,45.2,0.0,27.5,Partially cloudy
May,2021,18.2,9.3,59.3,0.295,29.4,"Rain, Partially cloudy"
May,2021,23.4,3.9,45.9,0.0,44.5,Partially cloudy
May,2021,17.9,7.1,54.5,0.88,46.3,"Rain, Partially cloudy"
May,2021,14.2,5.1,57.8,0.0,40.7,Partially cloudy
May,2021,18.1,5.8,47.3,0.0,31.6,Clear
May,2021,19.5,6.1,44.2,0.0,38.6,Partially cloudy
May,2021,22.8,7.3,42.1,0.008,58.6,"Rain, Partially cloudy"
May,2021,26.0,0.2,27.8,0.004,55.2,"Rain, Partially cloudy"
May,2021,20.2,2.9,35.3,0.0,35.2,Partially cloudy
May,2021,14.3,6.0,58.9,0.0,42.3,Partially cloudy
May,2021,11.0,8.5,84.6,0.896,35.0,"Rain, Overcast"
May,2021,13.2,4.1,56.8,0.0,29.5,Partially cloudy
May,2021,15.8,7.3,60.5,0.0,33.3,Partially cloudy
May,2021,19.2,10.9,62.1,0.1,44.4,"Rain, Partially cloudy"
May,2021,21.7,13.0,60.5,18.315,40.1,"Rain, Partially cloudy"
May,2021,20.3,14.7,71.6,8.902,29.3,"Rain, Partially cloudy"
May,2021,20.1,12.7,63.7,2.841,33.4,"Rain, Partially cloudy"
May,2021,18.2,10.6,64.4,0.042,33.3,"Rain, Partially cloudy"
May,2021,17.3,11.9,72.4,18.243,31.4,"Rain, Partially cloudy"
May,2021,20.6,13.5,67.6,0.0,35.2,Partially cloudy
May,2021,22.3,14.5,64.2,0.0,42.4,Partially cloudy
May,2021,21.6,15.2,69.3,0.0,46.3,Partially cloudy
May,2021,21.7,16.4,73.8,0.59,38.8,"Rain, Overcast"
May,2021,21.8,15.6,70.1,18.879,46.4,"Rain, Overcast"
May,2021,21.7,15.2,67.8,29.245,37.0,"Rain, Partially cloudy"
May,2021,24.5,17.1,65.3,0.761,44.2,"Rain, Partially cloudy"
May,2021,25.7,14.9,57.7,0.507,31.6,"Rain, Partially cloudy"
May,2021,21.1,14.9,69.4,15.099,44.3,"Rain, Partially cloudy"
May,2021,18.7,14.7,78.3,2.984,40.5,"Rain, Partially cloudy"
May,2021,20.8,16.1,75.6,0.028,35.2,"Rain, Partially cloudy"
May,2021,17.0,14.2,84.0,29.215,44.4,"Rain, Partially cloudy"
Jun,2021,18.5,13.2,73.1,0.025,18.3,"Rain, Partially cloudy"
Jun,2021,20.2,13.4,68.1,0.753,16.5,"Rain, Partially cloudy"
Jun,2021,19.9,12.8,65.8,21.613,38.4,"Rain, Partially cloudy"
Jun,2021,21.3,12.9,60.8,0.0,24.0,Partially cloudy
Jun,2021,22.0,14.4,64.9,0.0,31.5,Partially cloudy
Jun,2021,24.8,16.5,63.3,0.0,33.4,Partially cloudy
Jun,2021,26.9,16.6,57.1,0.135,24.0,"Rain, Partially cloudy"
Jun,2021,28.1,15.0,46.5,0.015,40.4,"Rain, Partially cloudy"
Jun,2021,30.8,15.4,47.2,0.007,29.4,"Rain, Partially cloudy"
Jun,2021,29.9,19.5,56.8,0.0,37.0,Partially cloudy
Jun,2021,32.0,14.0,41.1,0.0,27.6,Partially cloudy
Jun,2021,29.6,17.3,50.6,0.0,35.1,Partially cloudy
Jun,2021,28.7,17.5,54.2,0.007,33.3,"Rain, Partially cloudy"
Jun,2021,26.8,16.1,54.2,0.0,33.3,Partially cloudy
Jun,2021,27.0,15.1,51.8,0.0,20.4,Partially cloudy
Jun,2021,28.7,11.3,38.5,0.0,31.4,Partially cloudy
Jun,2021,28.7,9.7,32.7,0.0,27.4,Partially cloudy
Jun,2021,28.3,9.6,33.7,0.0,33.2,Clear
Jun,2021,28.6,11.9,39.6,0.0,27.6,Partially cloudy
Jun,2021,30.0,12.7,36.6,0.0,31.5,Partially cloudy
Jun,2021,23.4,13.3,53.5,0.0,49.9,Partially cloudy
Jun,2021,24.2,11.0,44.7,0.0,29.5,Partially cloudy
Jun,2021,30.1,16.2,46.2,0.0,38.8,Partially cloudy
Jun,2021,30.2,15.6,43.9,0.0,36.9,Partially cloudy
Jun,2021,29.3,17.8,51.2,1.77,44.5,"Rain, Partially cloudy"
Jun,2021,26.9,17.2,56.9,12.92,81.6,"Rain, Partially cloudy"
Jun,2021,21.4,16.1,72.7,0.791,29.6,"Rain, Overcast"
Jun,2021,20.6,16.8,79.3,0.811,27.6,"Rain, Overcast"
Jun,2021,21.3,18.2,82.9,13.754,20.3,"Rain, Partially cloudy"
Jun,2021,23.5,18.6,75.2,0.0,22.3,Partially cloudy
Jul,2021,25.4,18.1,66.2,0.0,20.4,Partially cloudy
Jul,2021,23.1,18.9,77.4,1.625,25.7,"Rain, Partially cloudy"
Jul,2021,24.8,18.9,71.4,0.0,25.7,Partially cloudy
Jul,2021,25.7,19.0,69.3,0.0,27.6,Partially cloudy
Jul,2021,25.6,19.5,70.5,0.498,27.5,"Rain, Partially cloudy"
Jul,2021,24.4,17.9,69.5,0.0,27.6,Partially cloudy
Jul,2021,25.1,16.8,63.5,0.0,20.3,Partially cloudy
Jul,2021,26.8,16.5,56.8,0.0,22.2,Partially cloudy
Jul,2021,27.4,16.3,53.0,0.0,24.1,Partially cloudy
Jul,2021,27.0,17.6,59.6,0.0,24.0,Partially cloudy
Jul,2021,24.4,18.3,69.6,1.553,27.6,"Rain, Partially cloudy"
Jul,2021,24.1,17.5,69.5,7.34,36.7,"Rain, Partially cloudy"
Jul,2021,25.2,15.7,58.4,0.0,31.6,Partially cloudy
Jul,2021,25.7,15.5,55.8,0.0,40.5,Partially cloudy
Jul,2021,27.1,15.8,52.2,4.411,35.2,"Rain, Partially cloudy"
Jul,2021,25.1,18.8,70.2,15.106,25.6,"Rain, Partially cloudy"
Jul,2021,27.2,18.8,62.8,0.0,29.4,Partially cloudy
Jul,2021,26.6,17.8,60.8,0.141,29.3,"Rain, Partially cloudy"
Jul,2021,24.8,18.5,69.6,32.447,31.4,"Rain, Partially cloudy"
Jul,2021,23.6,17.1,68.8,0.0,18.3,Partially cloudy
Jul,2021,22.7,14.1,60.7,0.0,16.5,Partially cloudy
Jul,2021,24.3,14.8,58.8,0.0,31.4,Partially cloudy
Jul,2021,25.9,16.8,59.3,0.0,29.4,Partially cloudy
Jul,2021,28.2,16.8,52.0,0.0,22.1,Partially cloudy
Jul,2021,29.2,16.7,48.8,0.15,24.0,"Rain, Partially cloudy"
Jul,2021,27.3,15.9,52.2,0.0,31.5,Partially cloudy
Jul,2021,27.8,14.5,49.3,0.0,18.2,Partially cloudy
Jul,2021,27.1,15.5,49.9,0.0,35.1,Partially cloudy
Jul,2021,26.8,16.5,55.8,0.0,20.4,Partially cloudy
Jul,2021,27.4,16.2,52.5,1.402,27.4,"Rain, Partially cloudy"
Jul,2021,28.4,15.9,50.4,0.0,22.2,Partially cloudy
Aug,2021,23.7,18.2,72.6,3.376,34.9,"Rain, Partially cloudy"
Aug,2021,23.6,14.2,59.5,0.0,18.3,Partially cloudy
Aug,2021,22.5,9.8,48.7,0.0,18.3,Clear
Aug,2021,22.9,10.6,49.9,0.0,14.6,Partially cloudy
Aug,2021,27.1,13.1,44.2,0.0,29.2,Partially cloudy
Aug,2021,27.9,13.7,44.6,0.0,27.5,Clear
Aug,2021,28.2,15.9,48.9,0.0,36.9,Partially cloudy
Aug,2021,29.4,15.8,45.9,0.0,36.8,Clear
Aug,2021,30.2,16.6,46.0,0.0,31.5,Partially cloudy
Aug,2021,29.8,17.1,47.5,0.0,35.0,Partially cloudy
Aug,2021,28.9,15.4,44.7,0.0,36.8,Partially cloudy
Aug,2021,27.5,15.9,50.3,1.774,45.7,"Rain, Partially cloudy"
Aug,2021,24.9,16.9,64.5,0.044,33.3,"Rain, Partially cloudy"
Aug,2021,21.3,17.9,81.4,48.744,20.3,"Rain, Partially cloudy"
Aug,2021,23.9,17.7,70.6,0.0,14.7,Partially cloudy
Aug,2021,24.2,17.3,67.7,32.07,40.3,"Rain, Partially cloudy"
Aug,2021,21.7,17.7,78.7,6.281,25.7,"Rain, Partially cloudy"
Aug,2021,23.6,19.1,76.7,0.0,22.2,Partially cloudy
Aug,2021,27.1,19.9,67.6,0.0,25.8,Partially cloudy
Aug,2021,27.3,18.1,58.8,0.0,29.4,Partially cloudy
Aug,2021,26.5,18.6,62.4,0.0,31.5,Partially cloudy
Aug,2021,26.9,17.2,57.4,0.0,33.3,Partially cloudy
Aug,2021,27.6,13.3,42.3,0.0,33.2,Partially cloudy
Aug,2021,28.1,14.5,44.8,0.0,29.3,Partially cloudy
Aug,2021,28.0,15.4,47.8,0.0,27.6,Partially cloudy
Aug,2021,26.1,15.9,55.8,0.0,24.0,Clear
Aug,2021,26.3,16.2,56.5,0.0,18.3,Partially cloudy
Aug,2021,26.2,16.9,58.9,0.0,25.8,Partially cloudy
Aug,2021,25.2,16.0,58.6,0.0,18.2,Partially cloudy
Aug,2021,25.2,16.6,62.1,0.0,20.3,Partially cloudy
Aug,2021,27.1,16.3,54.4,0.0,18.3,Partially cloudy
Sep,2021,28.5,16.5,49.9,0.0,29.4,Partially cloudy
Sep,2021,27.6,17.8,56.7,0.787,25.7,"Rain, Partially cloudy"
Sep,2021,27.7,17.7,56.3,0.0,27.4,Partially cloudy
Sep,2021,26.4,17.1,57.8,0.141,24.1,"Rain, Partially cloudy"
Sep,2021,23.7,18.7,74.2,0.0,12.9,Partially cloudy
Sep,2021,25.3,16.8,64.1,0.0,16.5,Partially cloudy
Sep,2021,28.0,14.0,45.9,0.0,20.3,Partially cloudy
Sep,2021,25.0,15.3,56.5,0.0,25.9,Partially cloudy
Sep,2021,25.6,14.1,51.6,0.0,24.0,Clear
Sep,2021,28.7,10.7,36.5,0.0,27.4,Clear
Sep,2021,27.5,9.6,35.1,0.0,25.8,Clear
Sep,2021,24.9,8.8,38.6,0.0,22.3,Clear
Sep,2021,23.6,11.0,46.7,0.0,29.4,Clear
Sep,2021,24.3,13.3,54.2,0.0,25.7,Clear
Sep,2021,24.2,14.8,58.1,0.063,18.4,"Rain, Partially cloudy"
Sep,2021,24.8,13.7,52.2,0.0,29.4,Clear
Sep,2021,25.8,12.8,47.5,0.0,24.0,Partially cloudy
Sep,2021,25.5,14.7,53.2,0.0,22.2,Partially cloudy
Sep,2021,26.0,11.6,45.0,0.0,31.5,Clear
Sep,2021,28.3,9.4,33.0,0.0,35.1,Clear
Sep,2021,20.0,5.0,38.6,0.0,37.0,Partially cloudy
Sep,2021,17.3,2.7,41.5,0.0,20.4,Clear
Sep,2021,20.3,0.6,29.9,0.0,31.6,Partially cloudy
Sep,2021,21.4,2.8,31.2,0.0,29.4,Partially cloudy
Sep,2021,21.6,4.0,34.8,0.0,25.7,Partially cloudy
Sep,2021,23.0,6.2,35.7,0.0,31.5,Partially cloudy
Sep,2021,21.7,11.7,55.3,8.607,46.2,"Rain, Partially cloudy"
Sep,2021,22.5,11.5,55.6,4.991,33.4,"Rain, Partially cloudy"
Sep,2021,22.6,8.9,45.6,0.0,33.4,Clear
Sep,2021,18.0,11.7,67.3,0.791,29.4,"Rain, Partially cloudy"
Oct,2021,17.5,14.1,81.8,13.492,25.8,"Rain, Partially cloudy"
Oct,2021,17.2,11.0,71.1,0.665,16.5,"Rain, Partially cloudy"
Oct,2021,18.7,8.7,58.3,0.0,12.8,Clear
Oct,2021,20.7,8.7,50.7,0.0,14.7,Partially cloudy
Oct,2021,20.6,9.2,51.4,0.0,22.1,Clear
Oct,2021,19.2,6.8,47.5,0.0,29.5,Partially cloudy
Oct,2021,22.4,7.2,43.3,0.0,27.7,Partially cloudy
Oct,2021,24.9,7.9,36.6,0.0,27.7,Partially cloudy
Oct,2021,26.5,7.9,33.4,0.0,37.1,Partially cloudy
Oct,2021,20.5,7.8,47.5,0.0,57.6,Partially cloudy
Oct,2021,15.8,3.0,50.4,0.0,27.7,Clear
Oct,2021,21.5,8.8,47.8,0.0,42.3,Partially cloudy
Oct,2021,18.1,1.8,35.9,1.082,44.5,"Rain, Partially cloudy"
Oct,2021,17.1,0.0,36.7,0.0,33.4,Clear
Oct,2021,11.6,-0.1,47.8,0.0,33.4,Clear
Oct,2021,11.5,-2.7,42.8,0.0,14.7,Clear
Oct,2021,13.4,-4.0,33.6,0.0,25.8,Partially cloudy
Oct,2021,16.6,2.3,39.7,0.0,31.6,Partially cloudy
Oct,2021,20.7,5.8,44.4,0.0,36.9,Clear
Oct,2021,17.4,3.8,44.2,0.0,23.9,Clear
Oct,2021,17.9,7.7,52.3,0.0,24.0,Partially cloudy
Oct,2021,20.4,13.6,67.9,0.0,25.8,Partially cloudy
Oct,2021,23.4,12.5,54.4,0.0,36.9,Partially cloudy
Oct,2021,21.6,3.9,36.9,0.0,35.1,Partially cloudy
Oct,2021,19.5,3.4,39.3,0.0,25.7,Clear
Oct,2021,23.7,7.2,41.2,0.0,44.7,Clear
Oct,2021,14.3,-3.9,30.0,0.0,57.4,Clear
Oct,2021,12.5,-5.7,28.8,0.0,40.7,Clear
Oct,2021,13.3,-3.3,33.8,0.0,27.6,Clear
Oct,2021,15.8,-3.3,31.6,0.0,25.8,Clear
Oct,2021,12.6,1.5,47.4,0.0,33.3,Partially cloudy
Nov,2021,11.6,4.3,63.1,0.0,18.4,Partially cloudy
Nov,2021,7.4,3.1,75.0,0.0,24.1,Overcast
Nov,2021,6.4,2.8,78.2,0.0,20.4,Overcast
Nov,2021,9.0,1.8,63.2,0.0,16.5,Partially cloudy
Nov,2021,10.3,3.8,68.1,0.0,27.6,Clear
Nov,2021,13.9,4.4,58.6,0.0,27.5,Partially cloudy
Nov,2021,16.2,3.7,47.7,0.0,25.9,Clear
Nov,2021,17.6,5.9,50.0,0.0,24.0,Partially cloudy
Nov,2021,15.8,5.8,53.3,0.0,22.3,Partially cloudy
Nov,2021,16.7,3.5,48.7,0.0,40.5,Partially cloudy
Nov,2021,10.6,-1.3,46.0,0.0,18.2,Partially cloudy
Nov,2021,10.1,-5.2,35.9,0.0,37.1,Partially cloudy
Nov,2021,10.8,-4.8,35.6,0.0,37.0,Partially cloudy
Nov,2021,11.2,-2.6,39.1,0.0,33.3,Partially cloudy
Nov,2021,14.4,-3.3,35.6,0.0,18.1,Partially cloudy
Nov,2021,18.3,-7.9,20.2,0.0,35.3,Partially cloudy
Nov,2021,10.0,-7.7,28.5,0.0,38.9,Partially cloudy
Nov,2021,4.7,-14.4,25.8,0.0,23.9,Partially cloudy
Nov,2021,10.1,-7.2,29.4,0.0,35.3,Partially cloudy
Nov,2021,14.9,-3.8,33.8,0.0,35.2,Partially cloudy
Nov,2021,10.4,-3.8,37.4,0.0,40.5,Partially cloudy
Nov,2021,8.1,-5.2,43.7,0.0,25.9,Clear
Nov,2021,11.4,-3.1,39.5,0.0,33.5,Partially cloudy
Nov,2021,13.9,0.0,40.6,0.0,36.8,Partially cloudy
Nov,2021,6.4,-7.9,36.3,0.0,37.0,Partially cloudy
Nov,2021,8.9,-9.0,29.8,0.0,36.9,Partially cloudy
Nov,2021,9.1,-1.1,53.9,7.612,22.1,"Rain, Partially cloudy"
Nov,2021,7.7,-1.6,54.8,1.929,20.5,"Snow, Rain"
Nov,2021,11.0,-1.1,49.4,0.0,20.4,Clear
Nov,2021,10.7,-1.6,47.0,0.0,18.3,Partially cloudy
Dec,2021,10.7,-1.9,47.2,0.0,16.5,Clear
Dec,2021,11.8,-4.0,39.6,0.0,18.4,Partially cloudy
Dec,2021,15.0,-0.2,40.4,0.0,33.4,Partially cloudy
Dec,2021,9.6,-0.1,52.5,0.0,25.8,Partially cloudy
Dec,2021,13.5,-2.8,39.2,0.0,42.5,Partially cloudy
Dec,2021,2.9,-10.8,37.1,0.0,48.1,Partially cloudy
Dec,2021,6.9,-8.8,33.2,0.0,27.3,Partially cloudy
Dec,2021,11.3,-4.7,36.6,0.0,31.8,Partially cloudy
Dec,2021,15.3,-5.3,25.0,0.0,39.0,Partially cloudy
Dec,2021,16.4,-1.9,29.2,0.0,61.1,Partially cloudy
Dec,2021,4.6,-10.6,37.7,0.0,24.0,Partially cloudy
Dec,2021,9.6,-9.3,27.1,0.0,35.1,Clear
Dec,2021,11.5,-4.9,33.0,0.0,27.5,Partially cloudy
Dec,2021,14.2,-1.8,37.2,0.0,27.8,Partially cloudy
Dec,2021,16.7,5.7,55.4,0.0,55.3,Partially cloudy
Dec,2021,7.4,-6.7,37.5,0.0,25.9,Partially cloudy
Dec,2021,11.3,1.4,52.0,0.0,22.2,Overcast
Dec,2021,4.1,-11.4,32.0,0.0,29.6,Partially cloudy
Dec,2021,1.9,-12.5,36.5,0.0,27.7,Partially cloudy
Dec,2021,4.1,-7.8,45.8,0.0,23.9,Clear
Dec,2021,6.0,-12.5,32.2,0.0,33.3,Partially cloudy
Dec,2021,6.6,-13.2,26.0,0.0,16.4,Partially cloudy
Dec,2021,12.7,-8.0,24.6,0.0,35.3,Partially cloudy
Dec,2021,17.0,-0.9,31.7,0.0,62.7,Partially cloudy
Dec,2021,12.1,2.4,54.4,0.0,20.7,Partially cloudy
Dec,2021,18.6,1.6,33.9,0.0,64.4,Partially cloudy
Dec,2021,10.7,-4.5,35.7,0.0,23.7,Partially cloudy
Dec,2021,13.7,-3.8,31.6,0.008,44.6,"Rain, Partially cloudy"
Dec,2021,12.2,-7.9,24.4,0.0,40.7,Partially cloudy
Dec,2021,8.8,-5.3,37.9,0.0,33.4,Partially cloudy
Dec,2021,12.7,5.6,63.6,8.269,46.1,"Rain, Overcast"
Jan,2022,1.6,-2.6,74.1,3.807,40.5,"Snow, Rain, Partially cloudy"
Jan,2022,-5.5,-10.9,66.5,0.0,31.5,Clear
Jan,2022,1.2,-7.5,57.8,0.0,27.7,Clear
Jan,2022,8.0,-8.0,37.2,0.0,50.0,Partially cloudy
Jan,2022,5.5,-6.4,43.3,0.0,25.7,Clear
Jan,2022,-3.4,-11.3,55.6,0.0,38.8,Partially cloudy
Jan,2022,0.2,-10.4,48.5,0.0,31.6,Clear
Jan,2022,10.3,-5.7,35.1,0.0,35.3,Partially cloudy
Jan,2022,4.5,-7.6,42.5,0.0,38.8,Partially cloudy
Jan,2022,1.9,-9.7,45.2,0.0,14.5,Partially cloudy
Jan,2022,4.7,-7.7,43.7,0.0,31.6,Partially cloudy
Jan,2022,6.3,-7.7,42.3,0.0,14.7,Partially cloudy
Jan,2022,8.3,-9.7,32.0,0.0,14.8,Partially cloudy
Jan,2022,10.2,-6.8,32.2,0.0,50.1,Partially cloudy
Jan,2022,1.9,-11.1,39.0,0.0,57.6,Partially cloudy
Jan,2022,4.7,-13.5,33.0,0.0,24.1,Clear
Jan,2022,6.0,-12.1,29.2,0.0,27.7,Partially cloudy
Jan,2022,11.4,-7.7,27.8,0.0,44.2,Partially cloudy
Jan,2022,4.1,-6.3,47.6,0.0,38.9,Partially cloudy
Jan,2022,-4.8,-13.1,53.3,0.0,29.5,Partially cloudy
Jan,2022,-1.2,-12.1,45.8,0.0,29.5,Partially cloudy
Jan,2022,0.2,-9.7,49.1,0.0,14.7,Clear
Jan,2022,3.6,-5.8,55.4,0.0,16.4,Clear
Jan,2022,5.9,-5.6,48.6,0.0,20.4,Clear
Jan,2022,4.2,-6.3,47.8,0.0,40.5,Partially cloudy
Jan,2022,-3.3,-8.9,67.6,0.848,33.2,"Snow, Overcast"
Jan,2022,1.1,-5.2,66.6,0.0,25.9,Partially cloudy
Jan,2022,1.7,-8.1,53.4,0.0,29.4,Clear
Jan,2022,4.0,-13.6,34.9,0.0,27.6,Clear
Jan,2022,4.4,-11.2,32.2,0.0,16.5,Partially cloudy
Jan,2022,8.5,-4.7,42.6,0.0,24.0,Partially cloudy
Feb,2022,8.0,-6.2,37.1,0.0,29.6,Partially cloudy
Feb,2022,-3.2,-8.4,68.8,0.631,33.1,"Snow, Overcast"
Feb,2022,-10.8,-14.6,73.9,1.582,33.5,"Snow, Overcast"
Feb,2022,-7.2,-14.0,61.6,0.0,18.3,Clear
Feb,2022,0.1,-12.3,45.7,0.0,37.0,Clear
Feb,2022,3.2,-7.6,48.4,0.0,42.4,Partially cloudy
Feb,2022,2.3,-8.2,52.6,0.0,18.2,Clear
Feb,2022,7.4,-9.7,34.0,0.0,36.9,Partially cloudy
Feb,2022,6.4,-10.2,35.1,0.0,22.3,Partially cloudy
Feb,2022,8.3,-9.0,29.8,0.0,27.6,Partially cloudy
Feb,2022,9.8,-5.9,34.1,0.0,46.3,Partially cloudy
Feb,2022,2.6,-7.7,48.7,0.0,37.0,Partially cloudy
Feb,2022,4.9,-9.2,42.8,0.0,24.1,Clear
Feb,2022,9.5,-10.6,26.0,0.0,35.0,Clear
Feb,2022,13.9,-8.2,24.6,0.0,46.1,Partially cloudy
Feb,2022,16.3,-2.1,33.3,0.0,46.1,Partially cloudy
Feb,2022,2.8,-8.3,45.5,0.0,48.1,Partially cloudy
Feb,2022,3.4,-9.3,43.3,0.0,22.1,Clear
Feb,2022,7.8,-8.9,32.5,0.0,33.4,Clear
Feb,2022,13.3,-9.4,23.6,0.0,40.4,Partially cloudy
Feb,2022,13.8,-1.6,40.8,0.295,46.3,"Rain, Partially cloudy"
Feb,2022,2.4,-10.5,39.4,0.0,40.4,Partially cloudy
Feb,2022,-7.3,-17.0,46.5,0.0,38.7,Overcast
Feb,2022,-1.6,-12.5,51.5,0.0,44.6,Partially cloudy
Feb,2022,-3.8,-10.8,62.8,0.0,25.9,Partially cloudy
Feb,2022,-1.1,-10.8,51.1,0.0,14.7,Partially cloudy
Feb,2022,2.9,-13.5,34.5,0.0,16.4,Clear
Feb,2022,7.5,-13.6,22.9,0.0,27.7,Partially cloudy
Mar,2022,10.5,-11.8,21.2,0.0,16.4,Partially cloudy
Mar,2022,12.8,-10.0,22.0,0.0,16.5,Partially cloudy
Mar,2022,13.9,-6.2,26.1,0.0,24.0,Partially cloudy
Mar,2022,17.9,5.8,48.0,0.0,35.1,Partially cloudy
Mar,2022,16.5,-3.9,31.3,0.0,42.5,Clear
Mar,2022,4.6,-6.8,48.3,0.0,36.9,Partially cloudy
Mar,2022,0.1,-10.2,49.5,0.0,22.3,Partially cloudy
Mar,2022,2.8,-9.2,43.3,0.0,18.3,Partially cloudy
Mar,2022,6.3,-8.5,38.5,0.0,38.7,Clear
Mar,2022,1.5,-8.3,49.9,0.0,38.9,Clear
Mar,2022,-2.5,-12.4,50.6,0.492,38.7,"Snow, Partially cloudy"
Mar,2022,3.8,-13.9,30.8,0.0,36.9,Clear
Mar,2022,11.1,-16.2,14.9,0.0,37.0,Clear
Mar,2022,11.4,-5.2,31.9,0.0,53.2,Partially cloudy
Mar,2022,10.7,-7.3,34.2,0.0,20.4,Clear
Mar,2022,17.2,-11.2,15.6,0.0,29.4,Partially cloudy
Mar,2022,12.7,-5.3,31.2,0.0,61.1,Partially cloudy
Mar,2022,8.2,-5.2,43.7,0.0,46.3,Partially cloudy
Mar,2022,11.9,-9.1,25.6,0.0,27.6,Partially cloudy
Mar,2022,16.9,-4.2,24.5,0.0,53.4,Partially cloudy
Mar,2022,13.8,1.6,48.5,0.0,57.6,Partially cloudy
Mar,2022,6.4,-5.0,48.2,0.0,51.8,Partially cloudy
Mar,2022,6.6,-7.2,39.5,0.0,57.2,Partially cloudy
Mar,2022,10.3,-12.0,24.6,0.0,31.6,Clear
Mar,2022,15.9,-10.3,18.2,0.0,36.9,Clear
Mar,2022,14.7,-3.2,37.2,0.0,22.2,Partially cloudy
Mar,2022,20.3,-9.4,18.5,0.0,22.5,Partially cloudy
Mar,2022,20.7,-8.0,19.7,0.0,34.9,Partially cloudy
Mar,2022,23.1,-2.7,21.0,0.0,61.3,Partially cloudy
Mar,2022,11.9,-4.9,33.9,0.0,44.7,Partially cloudy
Mar,2022,10.6,-2.8,49.0,0.829,33.2,"Rain, Partially cloudy"
Apr,2022,15.6,-2.0,31.5,0.0,52.0,Partially cloudy
Apr,2022,14.0,-3.1,38.8,0.0,25.8,Clear
Apr,2022,20.9,-2.5,23.8,0.0,35.2,Partially cloudy
Apr,2022,16.4,1.5,36.8,0.0,33.5,Partially cloudy
Apr,2022,21.5,-2.3,31.7,0.0,53.5,Clear
Apr,2022,12.4,-12.7,18.0,0.0,44.4,Clear
Apr,2022,9.9,-14.9,17.3,0.0,27.5,Clear
Apr,2022,11.2,-13.9,17.6,0.0,20.5,Clear
Apr,2022,19.0,-12.8,12.4,0.0,40.6,Clear
Apr,2022,23.3,-6.2,17.5,0.0,44.5,Partially cloudy
Apr,2022,18.2,-6.2,20.0,0.0,25.9,Partially cloudy
Apr,2022,23.9,-5.5,14.4,0.0,57.6,Clear
Apr,2022,16.3,-13.2,15.0,0.0,51.5,Clear
Apr,2022,14.5,-13.6,18.5,0.0,36.7,Clear
Apr,2022,23.0,-4.3,28.0,0.0,33.2,Partially cloudy
Apr,2022,14.6,-4.1,30.1,0.0,37.1,Partially cloudy
Apr,2022,17.2,-4.9,30.0,0.0,38.7,Clear
Apr,2022,15.1,-1.0,35.9,0.0,40.6,Partially cloudy
Apr,2022,15.8,7.5,58.5,0.0,38.9,Partially cloudy
Apr,2022,23.9,2.4,42.7,0.0,49.9,Partially cloudy
Apr,2022,26.3,1.2,27.3,0.0,29.2,Clear
Apr,2022,25.2,15.0,54.2,0.0,59.4,Partially cloudy
Apr,2022,22.1,-1.3,24.8,0.0,70.4,Partially cloudy
Apr,2022,16.1,-3.1,27.3,0.0,38.9,Partially cloudy
Apr,2022,13.1,-2.2,37.0,0.0,46.3,Partially cloudy
Apr,2022,13.9,-5.2,28.4,0.0,29.5,Partially cloudy
Apr,2022,20.0,8.7,50.1,0.0,38.8,Partially cloudy
Apr,2022,24.5,5.2,43.5,0.0,46.3,Partially cloudy
Apr,2022,24.9,-0.4,33.7,0.0,42.4,Clear
Apr,2022,18.2,-6.5,19.8,0.0,31.7,Partially cloudy
May,2022,18.9,3.7,38.3,5.064,60.5,"Rain, Partially cloudy"
May,2022,23.4,4.7,45.9,0.0,38.9,Clear
May,2022,14.0,3.2,50.2,0.0,29.5,Partially cloudy
May,2022,20.9,5.2,45.1,0.0,29.4,Partially cloudy
May,2022,18.6,2.5,41.9,0.0,38.9,Partially cloudy
May,2022,22.3,-5.6,21.1,0.0,27.6,Partially cloudy
May,2022,26.4,-0.3,35.8,0.0,40.6,Partially cloudy
May,2022,29.9,-12.1,6.2,0.0,46.3,Clear
May,2022,29.7,-10.0,7.1,0.0,48.1,Clear
May,2022,27.8,10.4,41.1,12.921,42.3,"Rain, Partially cloudy"
May,2022,24.8,14.3,56.3,0.8,44.6,"Rain, Partially cloudy"
May,2022,27.9,6.8,35.2,0.0,35.0,Partially cloudy
May,2022,24.5,-4.3,18.2,0.0,27.7,Clear
May,2022,26.4,2.5,30.3,0.0,29.5,Partially cloudy
May,2022,28.1,1.7,23.2,0.0,33.5,Partially cloudy
May,2022,24.5,13.6,55.8,2.032,37.0,"Rain, Partially cloudy"
May,2022,28.0,8.0,36.7,0.0,40.7,Partially cloudy
May,2022,29.0,5.9,24.5,0.0,40.5,Clear
May,2022,28.6,4.0,32.0,0.0,27.6,Clear
May,2022,26.8,-2.0,16.0,0.0,33.5,Partially cloudy
May,2022,17.6,2.2,36.8,0.0,46.4,Clear
May,2022,15.3,0.0,37.6,0.0,37.0,Partially cloudy
May,2022,17.3,9.3,60.9,0.308,46.3,"Rain, Partially cloudy"
May,2022,15.1,11.3,78.8,55.251,40.5,"Rain, Partially cloudy"
May,2022,14.7,5.1,56.5,0.0,40.6,Partially cloudy
May,2022,21.1,6.1,43.4,0.0,25.9,Clear
May,2022,25.1,8.3,39.3,0.0,33.5,Clear
May,2022,30.5,8.0,30.7,0.0,38.7,Partially cloudy
May,2022,30.6,2.8,22.5,0.0,50.0,Partially cloudy
May,2022,29.2,3.9,23.0,0.0,42.4,Clear
May,2022,28.9,15.5,46.4,0.011,48.0,"Rain, Partially cloudy"
Jun,2022,20.4,15.2,72.4,0.178,42.4,"Rain, Partially cloudy"
Jun,2022,18.1,13.7,77.2,0.61,27.7,"Rain, Overcast"
Jun,2022,20.7,14.8,69.8,19.694,42.2,"Rain, Partially cloudy"
Jun,2022,23.3,14.5,62.2,0.0,42.2,Partially cloudy
Jun,2022,28.3,9.4,37.6,0.0,33.4,Partially cloudy
Jun,2022,26.8,12.3,41.6,0.0,33.5,Partially cloudy
Jun,2022,25.3,18.6,67.7,0.0,40.6,Partially cloudy
Jun,2022,24.5,16.3,63.7,0.0,57.5,Partially cloudy
Jun,2022,26.0,14.8,55.6,0.0,33.4,Partially cloudy
Jun,2022,29.2,12.2,40.1,0.0,35.2,Partially cloudy
Jun,2022,33.3,9.0,24.9,0.0,38.8,Clear
Jun,2022,34.0,7.3,21.2,0.0,38.9,Partially cloudy
Jun,2022,31.4,9.0,26.1,0.0,44.6,Clear
Jun,2022,30.8,12.7,35.6,0.0,46.3,Partially cloudy
Jun,2022,31.0,13.5,36.1,0.0,40.5,Partially cloudy
Jun,2022,30.1,11.1,33.7,0.0,38.7,Clear
Jun,2022,29.1,7.5,27.5,0.0,37.0,Partially cloudy
Jun,2022,27.6,12.2,39.8,0.0,31.6,Partially cloudy
Jun,2022,27.9,12.8,42.7,0.0,38.6,Partially cloudy
Jun,2022,28.7,11.0,35.2,0.0,36.9,Partially cloudy
Jun,2022,28.0,11.3,40.0,0.0,33.3,Partially cloudy
Jun,2022,28.3,11.0,36.8,0.0,29.3,Partially cloudy
Jun,2022,29.6,10.8,32.8,0.0,27.6,Partially cloudy
Jun,2022,31.0,8.0,25.0,0.0,36.8,Clear
Jun,2022,30.7,8.1,26.3,0.0,35.2,Partially cloudy
Jun,2022,25.0,14.8,54.7,0.295,40.5,"Rain, Partially cloudy"
Jun,2022,23.2,9.9,44.5,0.0,29.4,Partially cloudy
Jun,2022,24.5,13.7,52.2,0.492,27.5,"Rain, Partially cloudy"
Jun,2022,26.0,12.6,47.6,0.0,22.2,Partially cloudy
Jun,2022,29.3,9.3,31.7,0.0,24.2,Clear
Jul,2022,30.7,9.1,28.0,0.0,29.3,Partially cloudy
Jul,2022,30.0,11.2,33.2,0.0,33.5,Partially cloudy
Jul,2022,29.6,12.9,37.3,0.0,44.3,Partially cloudy
Jul,2022,29.9,14.6,41.7,0.0,27.8,Partially cloudy
Jul,2022,29.9,15.3,42.8,0.008,36.7,"Rain, Partially cloudy"
Jul,2022,30.2,13.7,38.6,0.0,29.5,Partially cloudy
Jul,2022,31.2,12.5,33.6,0.008,29.2,"Rain, Partially cloudy"
Jul,2022,30.3,12.8,37.1,0.0,25.9,Partially cloudy
Jul,2022,29.4,14.1,42.7,0.0,27.6,Partially cloudy
Jul,2022,30.9,11.5,34.3,0.0,20.4,Partially cloudy
Jul,2022,31.3,8.1,26.3,0.0,23.8,Partially cloudy
Jul,2022,29.5,12.2,37.3,0.0,35.3,Partially cloudy
Jul,2022,29.8,9.9,30.8,0.0,29.2,Partially cloudy
Jul,2022,30.5,12.0,36.0,0.0,24.1,Partially cloudy
Jul,2022,29.9,12.5,38.3,0.0,22.2,Clear
Jul,2022,30.8,9.7,28.6,0.0,24.0,Clear
Jul,2022,31.5,9.4,27.3,0.0,22.4,Partially cloudy
Jul,2022,32.5,8.7,24.4,0.0,23.8,Partially cloudy
Jul,2022,34.0,8.0,21.5,0.0,35.2,Partially cloudy
Jul,2022,33.1,8.8,23.3,0.0,34.9,Partially cloudy
Jul,2022,29.4,14.3,40.7,2.262,37.1,"Rain, Partially cloudy"
Jul,2022,27.8,16.0,50.7,0.0,40.6,Partially cloudy
Jul,2022,29.8,13.0,38.0,0.0,33.3,Partially cloudy
Jul,2022,30.2,12.0,33.5,0.0,25.7,Partially cloudy
Jul,2022,30.9,11.6,32.4,0.0,35.0,Partially cloudy
Jul,2022,31.0,11.8,32.3,0.0,33.2,Partially cloudy
Jul,2022,32.3,11.3,28.9,0.0,29.4,Partially cloudy
Jul,2022,31.3,11.5,30.8,0.0,29.3,Partially cloudy
Jul,2022,28.9,14.4,42.9,0.0,25.9,Partially cloudy
Jul,2022,28.1,15.1,50.3,0.322,31.6,"Rain, Partially cloudy"
Jul,2022,31.4,9.6,27.9,0.0,31.6,Partially cloudy
Aug,2022,29.9,10.2,30.1,0.005,36.8,"Rain, Partially cloudy"
Aug,2022,31.2,11.9,32.0,0.0,31.6,Partially cloudy
Aug,2022,32.4,12.2,29.8,0.0,35.0,Partially cloudy
Aug,2022,30.5,15.3,41.1,0.984,36.8,"Rain, Partially cloudy"
Aug,2022,30.3,14.8,41.1,0.0,24.0,Partially cloudy
Aug,2022,30.9,10.8,30.0,0.0,27.7,Partially cloudy
Aug,2022,29.7,13.7,38.8,0.0,25.8,Partially cloudy
Aug,2022,28.9,13.6,40.0,1.3,29.2,"Rain, Partially cloudy"
Aug,2022,26.4,16.6,56.9,2.389,35.8,"Rain, Partially cloudy"
Aug,2022,26.9,16.9,55.7,0.0,22.0,Partially cloudy
Aug,2022,27.6,14.5,48.7,0.0,18.3,Partially cloudy
Aug,2022,27.3,9.0,33.7,0.0,20.3,Partially cloudy
Aug,2022,27.9,11.2,37.7,0.0,16.5,Clear
Aug,2022,28.9,12.2,37.8,0.0,20.5,Partially cloudy
Aug,2022,28.4,14.0,43.2,0.0,31.5,Partially cloudy
Aug,2022,27.6,12.7,41.7,0.0,25.7,Partially cloudy
Aug,2022,27.0,13.8,46.2,0.0,24.0,Partially cloudy
Aug,2022,22.6,17.6,74.4,35.526,29.4,"Rain, Partially cloudy"
Aug,2022,25.0,15.6,60.5,0.0,18.2,Partially cloudy
Aug,2022,23.0,18.5,76.4,9.47,24.2,"Rain, Overcast"
Aug,2022,20.9,18.7,87.8,7.973,25.8,"Rain, Overcast"
Aug,2022,21.5,18.1,81.9,3.837,25.9,"Rain, Overcast"
Aug,2022,23.1,16.0,67.2,0.0,16.5,Partially cloudy
Aug,2022,23.3,15.5,64.6,0.0,16.4,Partially cloudy
Aug,2022,24.4,15.0,60.4,0.0,14.7,Clear
Aug,2022,25.6,13.8,51.3,0.0,18.3,Partially cloudy
Aug,2022,26.8,13.7,47.3,0.0,25.9,Partially cloudy
Aug,2022,27.6,15.9,50.7,2.459,38.5,"Rain, Partially cloudy"
Aug,2022,24.7,16.9,64.1,17.285,31.2,"Rain, Partially cloudy"
Aug,2022,22.1,17.7,76.9,9.267,20.5,"Rain, Partially cloudy"
Aug,2022,20.9,19.1,89.4,36.418,22.4,"Rain, Partially cloudy"
Sep,2022,22.8,18.2,76.9,0.638,23.9,"Rain, Partially cloudy"
Sep,2022,24.2,17.8,71.1,0.01,20.4,"Rain, Partially cloudy"
Sep,2022,24.1,18.2,71.1,9.798,31.4,"Rain, Partially cloudy"
Sep,2022,25.1,14.8,57.6,0.005,14.6,"Rain, Partially cloudy"
Sep,2022,25.9,13.3,50.0,0.0,16.6,Partially cloudy
Sep,2022,25.5,13.7,50.9,0.0,18.3,Clear
Sep,2022,24.3,13.5,54.2,0.0,18.2,Clear
Sep,2022,24.4,13.0,52.5,0.0,18.2,Partially cloudy
Sep,2022,24.7,11.6,47.5,0.0,25.8,Partially cloudy
Sep,2022,23.4,14.4,59.0,0.0,35.2,Partially cloudy
Sep,2022,17.8,12.1,70.3,3.541,29.5,"Rain, Partially cloudy"
Sep,2022,22.5,13.8,60.2,0.0,27.7,Partially cloudy
Sep,2022,25.3,13.2,50.2,0.0,24.2,Partially cloudy
Sep,2022,23.9,14.2,56.0,0.0,42.4,Partially cloudy
Sep,2022,22.7,16.3,69.2,7.098,35.2,"Rain, Partially cloudy"
Sep,2022,25.7,15.5,55.9,0.0,25.7,Partially cloudy
Sep,2022,26.7,14.5,50.5,0.0,31.6,Partially cloudy
Sep,2022,26.1,15.6,54.6,0.0,33.4,Partially cloudy
Sep,2022,26.1,15.9,55.4,0.0,31.5,Partially cloudy
Sep,2022,25.7,14.8,53.1,0.0,27.7,Partially cloudy
Sep,2022,26.7,13.9,47.3,0.0,29.4,Clear
Sep,2022,22.5,12.0,53.5,0.0,22.3,Partially cloudy
Sep,2022,24.0,9.9,46.0,0.0,35.2,Clear
Sep,2022,26.3,10.0,36.8,0.0,29.4,Clear
Sep,2022,24.2,9.9,41.6,0.0,29.6,Clear
Sep,2022,20.4,5.1,39.5,0.0,20.5,Clear
Sep,2022,22.9,6.0,34.5,0.0,25.9,Clear
Sep,2022,23.4,5.6,33.9,0.0,20.4,Partially cloudy
Sep,2022,22.2,5.6,36.3,0.0,24.0,Clear
Sep,2022,22.0,5.6,37.0,0.0,20.5,Partially cloudy
Oct,2022,21.5,7.0,41.2,0.0,24.1,Partially cloudy
Oct,2022,19.4,4.0,37.9,0.0,16.5,Clear
Oct,2022,18.9,2.9,35.9,0.0,25.8,Partially cloudy
Oct,2022,19.4,4.4,38.4,0.0,20.5,Partially cloudy
Oct,2022,17.1,10.7,67.9,3.436,18.2,"Rain, Partially cloudy"
Oct,2022,18.8,12.5,68.8,0.0,22.1,Partially cloudy
Oct,2022,17.0,11.6,71.0,0.793,33.4,"Rain, Overcast"
Oct,2022,11.8,9.8,87.4,4.321,20.4,"Rain, Overcast"
Oct,2022,13.8,11.5,86.3,4.683,16.4,"Rain, Partially cloudy"
Oct,2022,14.7,12.9,88.3,13.19,24.0,"Rain, Partially cloudy"
Oct,2022,18.8,11.8,67.3,0.0,29.5,Partially cloudy
Oct,2022,18.9,7.6,50.6,0.0,33.5,Clear
Oct,2022,14.8,3.5,50.7,0.0,22.3,Clear
Oct,2022,18.3,6.2,47.4,0.0,29.5,Partially cloudy
Oct,2022,21.4,14.1,65.2,0.0,24.0,Partially cloudy
Oct,2022,14.9,11.4,80.9,13.213,37.0,"Rain, Overcast"
Oct,2022,12.6,8.3,75.5,1.286,22.3,"Rain, Overcast"
Oct,2022,13.3,9.3,77.1,0.0,16.5,Partially cloudy
Oct,2022,14.2,6.6,65.5,0.0,22.3,Partially cloudy
Oct,2022,16.6,3.9,51.2,0.0,20.4,Clear
Oct,2022,18.3,3.8,44.2,0.0,31.7,Clear
Oct,2022,21.3,8.1,44.8,0.0,38.8,Partially cloudy
Oct,2022,22.5,11.4,51.6,0.0,40.7,Partially cloudy
Oct,2022,12.9,9.1,78.8,7.777,48.2,"Rain, Partially cloudy"
Oct,2022,9.4,2.2,66.0,0.037,20.5,Rain
Oct,2022,12.5,2.3,54.2,0.002,31.6,Rain
Oct,2022,14.3,4.4,55.9,0.0,29.4,Partially cloudy
Oct,2022,10.3,7.7,84.7,8.256,37.0,"Rain, Overcast"
Oct,2022,10.6,4.7,71.0,0.0,18.3,Clear
Oct,2022,12.2,5.4,66.5,0.0,14.7,Partially cloudy
Oct,2022,13.7,6.5,65.3,0.0,24.1,Partially cloudy
Nov,2022,14.5,8.8,70.3,0.0,29.5,Partially cloudy
Nov,2022,16.1,11.4,75.5,0.0,33.4,Partially cloudy
Nov,2022,18.6,12.6,71.0,0.0,40.4,Partially cloudy
Nov,2022,11.5,5.8,70.9,0.541,46.2,"Rain, Partially cloudy"
Nov,2022,11.1,-2.1,47.6,0.0,48.1,Partially cloudy
Nov,2022,15.3,0.6,39.3,0.0,31.5,Partially cloudy
Nov,2022,13.3,8.4,73.6,0.0,22.3,Partially cloudy
Nov,2022,18.4,14.6,79.7,0.0,44.5,Partially cloudy
Nov,2022,19.9,14.6,73.0,0.0,49.9,Partially cloudy
Nov,2022,18.0,7.1,55.9,0.298,40.6,"Rain, Partially cloudy"
Nov,2022,4.8,-6.2,46.1,0.0,38.9,Partially cloudy
Nov,2022,2.9,-8.5,46.9,0.0,18.3,Partially cloudy
Nov,2022,5.2,-5.1,49.7,0.0,38.8,Partially cloudy
Nov,2022,1.9,-5.1,60.2,0.0,38.8,Partially cloudy
Nov,2022,1.0,-7.3,58.6,0.0,18.3,Partially cloudy
Nov,2022,3.9,-5.5,52.5,0.0,14.7,Partially cloudy
Nov,2022,4.2,-5.6,53.2,0.0,35.2,Clear
Nov,2022,-1.4,-6.3,69.7,0.0,37.0,Partially cloudy
Nov,2022,1.2,-7.7,53.2,0.0,18.4,Partially cloudy
Nov,2022,2.4,-8.4,48.6,0.0,20.5,Partially cloudy
Nov,2022,4.6,-2.6,62.9,0.0,18.3,Clear
Nov,2022,6.9,-1.6,58.7,0.0,25.9,Partially cloudy
Nov,2022,8.7,5.2,81.2,0.0,29.5,Partially cloudy
Nov,2022,5.1,1.4,77.9,2.091,38.9,"Rain, Partially cloudy"
Nov,2022,3.5,0.3,79.4,4.742,35.2,"Snow, Rain, Overcast"
Nov,2022,3.9,2.7,92.3,6.755,16.5,"Snow, Rain, Partially cloudy"
Nov,2022,5.2,0.8,74.7,0.0,24.1,Partially cloudy
Nov,2022,9.5,-0.7,52.3,0.0,38.7,Partially cloudy
Nov,2022,10.2,-2.8,44.7,0.0,42.3,Clear
Nov,2022,-0.8,-7.2,64.5,0.0,22.3,Partially cloudy
Dec,2022,5.0,-2.3,60.9,0.0,31.7,Partially cloudy
Dec,2022,12.4,2.4,57.3,0.0,42.5,Partially cloudy
Dec,2022,5.6,-8.3,37.6,0.0,37.0,Partially cloudy
Dec,2022,10.3,3.3,63.0,1.488,27.6,"Rain, Overcast"
Dec,2022,15.8,7.4,60.6,0.0,44.6,Partially cloudy
Dec,2022,12.7,6.5,68.3,0.0,16.5,Partially cloudy
Dec,2022,12.0,9.4,85.0,8.179,22.1,"Rain, Overcast"
Dec,2022,12.8,8.2,76.4,0.01,25.9,"Rain, Partially cloudy"
Dec,2022,7.1,4.3,82.5,0.596,16.5,"Rain, Overcast"
Dec,2022,9.8,6.2,80.7,0.0,18.3,Partially cloudy
Dec,2022,7.9,6.0,88.9,0.0,31.6,Partially cloudy
Dec,2022,14.3,10.6,81.5,0.496,40.6,"Rain, Partially cloudy"
Dec,2022,7.0,-4.1,48.0,0.002,44.6,"Rain, Partially cloudy"
Dec,2022,2.4,-6.3,54.0,0.0,20.5,Clear
Dec,2022,1.1,-6.3,60.5,0.0,29.4,Clear
Dec,2022,-0.1,-7.5,59.2,0.0,16.4,Partially cloudy
Dec,2022,0.3,-8.2,58.0,0.0,27.7,Clear
Dec,2022,3.2,-5.6,54.6,0.0,31.6,Partially cloudy
Dec,2022,6.5,-3.7,52.6,0.0,38.8,Clear
Dec,2022,1.3,-2.9,75.0,0.0,25.8,Partially cloudy
Dec,2022,5.0,-0.8,69.4,0.0,37.1,Partially cloudy
Dec,2022,-9.5,-17.8,51.6,0.0,46.4,Partially cloudy
Dec,2022,-11.0,-25.0,31.0,0.0,25.9,Partially cloudy
Dec,2022,-4.3,-20.1,29.5,0.0,20.5,Partially cloudy
Dec,2022,1.9,-11.3,39.6,0.0,25.9,Partially cloudy
Dec,2022,5.3,-4.6,51.4,0.0,35.3,Partially cloudy
Dec,2022,8.7,-3.9,44.3,0.0,40.7,Partially cloudy
Dec,2022,14.0,-5.4,27.4,0.0,44.6,Partially cloudy
Dec,2022,10.9,-3.3,39.6,0.0,48.2,Partially cloudy
Dec,2022,6.8,-4.6,46.4,0.0,20.5,Partially cloudy
Dec,2022,12.1,1.5,51.4,0.0,42.5,Partially cloudy
Jan,2023,14.6,1.8,43.9,0.0,25.9,Overcast
Jan,2023,11.6,0.0,47.4,0.0,59.4,Partially cloudy
Jan,2023,7.8,-4.8,42.8,0.0,57.6,Partially cloudy
Jan,2023,7.7,-6.2,40.4,0.0,40.7,Clear
Jan,2023,5.4,-6.0,47.7,0.0,27.7,Partially cloudy
Jan,2023,12.3,-6.1,29.6,0.0,33.5,Partially cloudy
Jan,2023,6.2,-5.1,45.0,0.0,24.1,Partially cloudy
Jan,2023,5.8,-4.6,51.6,0.0,22.3,Partially cloudy
Jan,2023,10.4,-4.9,40.8,0.0,33.5,Partially cloudy
Jan,2023,13.0,-6.4,29.2,0.0,48.2,Partially cloudy
Jan,2023,12.2,-7.3,28.5,0.0,57.6,Partially cloudy
Jan,2023,5.4,-3.3,55.1,0.0,42.5,Partially cloudy
Jan,2023,6.7,-6.6,43.9,0.0,31.7,Partially cloudy
Jan,2023,11.2,-6.1,31.3,0.0,33.5,Partially cloudy
Jan,2023,13.5,-4.7,29.9,0.0,66.6,Partially cloudy
Jan,2023,12.2,0.0,44.9,0.0,42.5,Partially cloudy
Jan,2023,12.0,2.1,52.6,0.0,31.7,Overcast
Jan,2023,8.4,-4.2,44.8,0.857,55.4,"Rain, Partially cloudy"
Jan,2023,3.1,-7.3,49.3,0.0,18.4,Partially cloudy
Jan,2023,6.5,-4.3,48.5,0.0,38.8,Partially cloudy
Jan,2023,4.0,-6.4,49.6,0.0,44.6,Clear
Jan,2023,1.8,-8.0,53.1,0.0,20.5,Clear
Jan,2023,3.2,-7.0,49.2,0.0,42.5,Partially cloudy
Jan,2023,-0.1,-1.9,88.4,13.186,27.5,"Snow, Overcast"
Jan,2023,-1.3,-5.4,74.4,0.0,22.2,Partially cloudy
Jan,2023,-0.3,-6.4,65.4,0.0,20.4,Clear
Jan,2023,4.8,-5.5,49.8,0.0,31.6,Clear
Jan,2023,7.3,-4.2,48.1,0.0,27.6,Partially cloudy
Jan,2023,-1.7,-4.9,79.5,0.0,25.8,Partially cloudy
Jan,2023,-6.4,-8.6,84.8,0.0,24.1,Overcast
Jan,2023,-5.5,-9.2,75.8,0.0,24.8,Overcast
Feb,2023,-2.5,-5.6,79.5,1.082,16.6,"Snow, Rain, Freezing Drizzle/Freezing Rain, Ice, Overcast"
Feb,2023,3.3,-4.1,64.6,0.0,27.6,Partially cloudy
Feb,2023,4.2,-6.0,52.3,0.0,24.1,Clear
Feb,2023,9.1,-3.9,43.5,0.0,42.4,Partially cloudy
Feb,2023,10.7,-6.9,36.1,0.0,38.9,Clear
Feb,2023,15.4,-3.9,32.4,0.0,46.2,Partially cloudy
Feb,2023,6.2,-2.7,53.5,0.0,44.7,Overcast
Feb,2023,6.5,-4.8,46.2,0.0,35.1,Partially cloudy
Feb,2023,3.6,-4.0,59.5,0.0,44.6,Partially cloudy
Feb,2023,0.6,-8.4,54.8,0.0,33.4,Partially cloudy
Feb,2023,2.4,-10.5,43.8,0.0,22.3,Partially cloudy
Feb,2023,9.3,-8.9,31.3,0.0,27.7,Partially cloudy
Feb,2023,8.6,-4.0,42.7,1.026,36.7,"Rain, Partially cloudy"
Feb,2023,10.2,-2.0,47.7,0.295,79.4,"Rain, Partially cloudy"
Feb,2023,7.5,-6.8,40.4,0.0,55.3,Partially cloudy
Feb,2023,-3.0,-12.5,50.4,0.0,40.5,Clear
Feb,2023,-0.2,-13.2,43.3,0.0,23.9,Partially cloudy
Feb,2023,4.8,-5.9,46.7,0.787,38.8,"Snow, Rain, Partially cloudy"
Feb,2023,11.1,2.1,55.3,0.0,38.9,Overcast
Feb,2023,16.1,4.2,48.3,0.0,51.9,Partially cloudy
Feb,2023,17.7,3.9,42.3,0.0,49.9,Partially cloudy
Feb,2023,14.3,-0.6,39.8,0.797,64.5,"Rain, Partially cloudy"
Feb,2023,5.7,-7.4,39.3,0.0,37.0,Partially cloudy
Feb,2023,0.0,-9.3,50.0,0.0,25.8,Partially cloudy
Feb,2023,5.5,-1.2,63.0,0.0,20.4,Overcast
Feb,2023,14.0,6.4,68.3,0.0,78.1,Partially cloudy
Feb,2023,11.7,-11.5,21.5,0.0,64.7,Clear
Feb,2023,13.0,-11.8,20.6,0.0,42.4,Partially cloudy
Mar,2023,11.4,-8.9,23.9,0.0,33.2,Partially cloudy
Mar,2023,9.5,-4.7,40.9,0.0,49.7,Partially cloudy
Mar,2023,9.6,-6.5,38.0,0.0,27.4,Clear
Mar,2023,10.2,-5.7,34.3,0.0,35.1,Clear
Mar,2023,15.8,-6.8,29.0,0.0,49.8,Partially cloudy
Mar,2023,16.3,-8.0,20.5,0.0,22.3,Partially cloudy
Mar,2023,12.2,1.1,50.7,0.0,33.2,Partially cloudy
Mar,2023,7.0,0.9,65.4,0.0,27.5,Overcast
Mar,2023,12.2,4.8,67.5,0.0,33.4,Overcast
Mar,2023,10.6,4.8,68.7,0.0,33.4,Overcast
Mar,2023,18.7,4.2,46.9,0.0,50.0,Partially cloudy
Mar,2023,10.9,-2.8,43.2,0.0,33.3,Partially cloudy
Mar,2023,7.0,-3.7,47.5,0.0,33.3,Partially cloudy
Mar,2023,7.7,-2.9,48.3,0.0,33.3,Partially cloudy
Mar,2023,14.6,4.8,57.0,0.0,48.2,Partially cloudy
Mar,2023,12.5,5.5,65.4,0.0,57.4,Partially cloudy
Mar,2023,4.2,-8.6,41.5,0.0,26.0,Partially cloudy
Mar,2023,3.9,-11.5,33.3,0.0,35.1,Partially cloudy
Mar,2023,6.0,-10.2,33.2,0.0,33.3,Partially cloudy
Mar,2023,9.2,-1.1,50.3,0.0,36.9,Partially cloudy
Mar,2023,14.7,3.6,54.1,0.0,40.6,Partially cloudy
Mar,2023,19.8,0.8,31.7,0.0,42.4,Partially cloudy
Mar,2023,17.7,-0.7,30.5,0.0,25.6,Partially cloudy
Mar,2023,13.2,-3.5,37.4,0.0,55.3,Partially cloudy
Mar,2023,11.8,-9.6,25.0,0.0,53.5,Clear
Mar,2023,8.7,-9.8,27.8,0.0,33.3,Clear
Mar,2023,8.9,-4.1,43.9,0.0,33.7,Partially cloudy
Mar,2023,6.5,-11.9,27.5,0.0,46.1,Partially cloudy
Mar,2023,13.7,-2.4,33.6,0.0,33.3,Partially cloudy
Mar,2023,17.2,7.9,57.3,0.0,49.7,Partially cloudy
Mar,2023,14.9,-5.1,35.2,0.0,64.7,Clear
Apr,2023,12.5,-9.9,21.6,0.0,29.5,Partially cloudy
Apr,2023,18.2,-7.8,21.3,0.0,44.3,Clear
Apr,2023,20.6,-14.0,11.1,0.0,49.8,Partially cloudy
Apr,2023,20.6,-16.0,7.8,0.0,70.4,Partially cloudy
Apr,2023,9.5,-13.8,18.4,0.0,40.5,Partially cloudy
Apr,2023,9.4,-8.8,29.9,0.0,29.4,Partially cloudy
Apr,2023,9.4,-9.5,31.1,0.0,24.0,Partially cloudy
Apr,2023,13.5,-0.3,40.7,0.0,24.0,Partially cloudy
Apr,2023,16.7,8.0,59.3,0.984,36.8,"Rain, Partially cloudy"
Apr,2023,16.9,6.0,59.1,0.984,20.6,"Rain, Partially cloudy"
Apr,2023,19.1,6.9,50.0,0.0,36.8,Clear
Apr,2023,19.8,6.9,47.6,0.0,35.1,Clear
Apr,2023,20.1,4.0,38.9,0.0,42.2,Partially cloudy
Apr,2023,22.2,-0.9,29.4,0.0,42.3,Partially cloudy
Apr,2023,15.3,-1.5,34.9,0.0,36.8,Clear
Apr,2023,11.9,-5.1,34.0,0.0,18.2,Clear
Apr,2023,17.8,-0.1,30.8,0.0,44.4,Partially cloudy
Apr,2023,22.5,0.8,35.1,0.0,35.0,Clear
Apr,2023,23.9,-5.0,21.7,0.0,51.6,Partially cloudy
Apr,2023,17.6,-5.8,22.2,0.0,44.4,Partially cloudy
Apr,2023,15.4,-9.9,18.3,0.0,29.2,Partially cloudy
Apr,2023,11.0,-5.3,32.5,0.0,42.4,Partially cloudy
Apr,2023,6.3,0.7,68.7,0.787,31.4,"Rain, Overcast"
Apr,2023,9.2,4.8,74.4,0.0,24.1,Overcast
Apr,2023,16.6,8.2,61.7,0.0,35.0,Partially cloudy